{"cameraMode":{"drawMode":0,"name":"Shaded","section":"Shading Mode"},"sceneLighting":true,"audioPlay":false,"sceneViewState":{"m_AlwaysRefresh":false,"showFog":true,"showSkybox":true,"showFlares":true,"showImageEffects":true,"showParticleSystems":true,"showVisualEffectGraphs":true,"m_FxEnabled":true},"in2DMode":false,"pivot":{"x":0.53774493932724,"y":2.8089442253112795,"z":-7.510997295379639},"rotation":{"x":0.03778654709458351,"y":-0.03537725284695625,"z":0.0013125931145623327,"w":0.9986705183982849},"size":2.1455888748168947,"orthographic":false}